rmse,r2
0.00854909312389969,0.5308287108154313
