rmse,r2
0.0165686802815451,0.5223031333344694
