rmse,r2
0.006940969466649425,0.5754631478891745
