rmse,r2
0.008103426581723673,0.6272312037982717
