category,poi_count,inflow,outflow,demand
commercial,172,179.85330655955795,176.28460282625048,196.52635788082694
hospital,14,1.8083310609981118,2.3422132599760594,2.444163206130604
library,44,15.38485103250766,16.731385899283204,17.559700983178786
residential,459,257.53733283357667,256.7327848719076,279.4003801482321
school,173,19.171750083912478,18.16586708589099,20.288589569617542
university,23,17.445668921620097,20.944386548864596,21.50039163215667
