category,poi_count,inflow_per_hour,outflow_per_hour,demand_per_hour
commercial,172,39.48639480587523,39.806290497287485,44.950092566187756
hospital,14,0.3504280962365809,0.544604707625233,0.5452089944163562
library,44,3.370802081884511,3.5945522185124315,3.86057558867847
residential,459,57.763546956105024,56.355037286736504,62.318266558234626
school,173,4.375374060427353,3.93086849312132,4.537454122841396
university,23,3.663414833553456,4.778607630799178,4.894711608557619
