category,poi_count,inflow_per_hour,outflow_per_hour,demand_per_hour
commercial,172,28.372041695553225,28.2777637267533,32.11164056539936
hospital,14,1.1828638044225472,1.6885713264038547,1.6898247070638328
library,44,8.262378481674567,9.039633313942185,9.70594388774988
residential,459,57.83413131928572,55.890052731894514,62.15840870249419
school,173,8.671476048289973,7.849835291213488,9.07581492909749
university,23,4.75228723124827,6.329322190266959,6.400589872679058
