category,poi_count,inflow,outflow,demand
commercial,172,128.9197445877158,124.92877317781684,140.55782351776625
hospital,14,6.006389052194961,7.293630108600623,7.588252198555399
library,44,38.11154003798308,41.423881487956336,43.397574184514305
residential,459,257.4649041480198,254.07856450751223,277.74980364232
school,173,38.14127412556653,36.25722564227706,40.68130895538916
university,23,22.850669151172752,27.512446178489824,27.922110443287416
