alpha,feasible,Q,budget_used,opened,comm_SL_s0,comm_SL_s1,comm_SL_s2,comm_SL_s3,comm_SL_mean
0.01,True,0.3094144740261673,1391100.0,69,0.9005269999048047,0.9102428377044474,0.9044404510440377,0.9069296486778775,0.9055349843327918
0.15142857142857144,True,0.3512794100523171,1365257.1428571427,45,0.9002420344021621,0.9079083385119322,0.9056962077835605,0.9099793247828077,0.9059564763701156
0.29285714285714287,True,0.40423197181866727,1389857.1428571427,39,0.9000508651445196,0.9065941438562767,0.9025739650335901,0.9079966423818405,0.9043039041040567
0.4342857142857143,True,0.4690368867876913,1394742.857142857,33,0.900781998889537,0.9100575084004305,0.9028383451592468,0.9118102099791427,0.9063720156070891
0.5757142857142857,True,0.5626102304180695,1389942.8571428573,28,0.9011945526476607,0.9059679587595522,0.9003155425973388,0.9050284968405399,0.903126637711273
0.7171428571428572,True,0.6015737435190868,1394228.5714285714,23,0.9072102294866309,0.9131164998998387,0.9070084399516122,0.9139239693831859,0.9103147846803169
0.8585714285714285,True,0.6176172070287766,1389385.7142857143,23,0.9017210163823784,0.9108150134509684,0.9137720586187315,0.9176558286612775,0.9109909792783388
1.0,True,0.6221036962088717,1380000.0,21,0.9029677382459277,0.9118020492630642,0.9158190137855741,0.9182997962458145,0.912222149385095
